État,0,1
0,0.0,0.0
1,-1.0,0.9025
2,0.739502717391304,0.95
3,0.8987555851063829,1.0
4,0.0,0.0
