État,0,1
0,0.6733045768076582,0.21931925421590204
1,-1.0,0.8996766711229948
2,0.7644984281249998,0.95
3,0.9025,1.0
4,0.5639903915748196,0.9438622574947474
